{
  "eye": {
    "orientation": [
      0.36575207114219666,
      -0.7366763949394226,
      -0.276515394449234,
      0.49706387519836426
    ],
    "magnitude": 1,
    "position": [
      -336.4725036621094,
      15.767434120178223,
      -127.0592269897461
    ]
  },
  "radius": 360,
  "type": "ORTHOGRAPHIC"
}